Code,département,région,INSEE région,SUPERFICIE,1975 0-19 ans,1975 20-39 ans,1975 40-59 ans,1975 60-74 ans,1975 75- ans,ensemble Total 1975,hommes Total 1975,femmes Total 1975,1980 0-19 ans,1980 20-39 ans,1980 40-59 ans,1980 60-74 ans,1980 75- ans,ensemble Total 1980,hommes Total 1980,femmes Total 1980,1985 0-19 ans,1985 20-39 ans,1985 40-59 ans,1985 60-74 ans,1985 75- ans,ensemble Total 1985,hommes Total 1985,femmes Total 1985,1990 0-19 ans,1990 20-39 ans,1990 40-59 ans,1990 60-74 ans,1990 75- ans,ensemble Total 1990,hommes Total 1990,femmes Total 1990,1995 0-19 ans,1995 20-39 ans,1995 40-59 ans,1995 60-74 ans,1995 75- ans,ensemble Total 1995,hommes Total 1995,femmes Total 1995,2000 0-19 ans,2000 20-39 ans,2000 40-59 ans,2000 60-74 ans,2000 75- ans,ensemble Total 2000,hommes Total 2000,femmes Total 2000,2005 0-19 ans,2005 20-39 ans,2005 40-59 ans,2005 60-74 ans,2005 75- ans,ensemble Total 2005,hommes Total 2005,femmes Total 2005,2010 0-19 ans,2010 20-39 ans,2010 40-59 ans,2010 60-74 ans,2010 75- ans,ensemble Total 2010,hommes Total 2010,femmes Total 2010,2015 0-19 ans,2015 20-39 ans,2015 40-59 ans,2015 60-74 ans,2015 75- ans,ensemble Total 2015,hommes Total 2015,femmes Total 2015,2020 0-19 ans,2020 20-39 ans,2020 40-59 ans,2020 60-74 ans,2020 75- ans,ensemble Total 2020,hommes Total 2020,femmes Total 2020,2022 0-19 ans,2022 20-39 ans,2022 40-59 ans,2022 60-74 ans,2022 75- ans,ensemble Total 2022,hommes Total 2022,femmes Total 2022
01,Ain,Auvergne-Rhône-Alpes,84,5762,121326,105393,80174,50440,18944,376277,188942,187335,127107,119195,91301,43861,22675,404139,201798,202341,132820,135393,94181,47236,26000,435630,217631,217999,139298,142812,107851,51385,29305,470651,234608,236043,139266,144996,122405,61197,27263,495127,246095,249032,144423,143269,138484,62161,32766,521103,258345,262758,151471,146125,157308,65923,38141,558968,276395,282573,159049,147795,168352,77592,44553,597341,295707,301634,166118,146852,177635,91661,49611,631877,311982,319895,169751,149202,179319,104444,54299,657015,324014,333001,169605,149821,181185,107629,57151,665391,327851,337540
02,Aisne,Hauts-de-France,32,7369,189403,138789,111665,67810,26772,534439,265218,269221,177074,149106,121068,56158,29795,533201,263676,269525,168429,162662,111115,60551,32050,534807,264224,270583,162241,159798,115301,66035,33521,536896,263977,272919,152767,153222,125346,77602,29387,538324,264180,274144,148412,141149,137021,72933,36745,536260,262240,274020,142747,134079,150175,66443,43354,536798,261012,275786,140051,129269,150200,73874,47114,540508,262999,277509,137497,119753,145955,86426,49028,538659,261996,276663,131790,115201,135515,97893,48930,529329,258286,271043,127886,113607,132928,99375,50607,524403,255982,268421
03,Allier,Auvergne-Rhône-Alpes,84,7340,110715,88944,87630,65152,26731,379172,184465,194707,102295,93292,92533,54118,30014,372252,180660,191592,93785,98823,85593,55898,33349,367448,177856,189592,85633,95503,84518,57023,35275,357952,172771,185181,76970,90782,87056,65145,31105,351058,169050,182008,73522,82572,91361,60546,36709,344710,165534,179176,71918,76599,97599,56287,41155,343558,164886,178672,72071,70309,96593,59723,44212,342908,164483,178425,71332,65411,93080,66574,45216,341613,163755,177858,68578,62206,85987,72092,45852,334715,160580,174135,66254,62020,83598,72268,47617,331757,159201,172556
04,Alpes-de-Haute-Provence,Provence-Alpes-Côte d'Azur,93,6925,33382,28024,25479,18096,7187,112168,56148,56020,32507,31054,28492,16363,8354,116770,58216,58554,31372,34503,29538,17953,9833,123199,60920,62279,32010,36578,31381,19799,11143,130911,64475,66436,32295,36287,34114,23259,10437,136392,67022,69370,33705,33705,37858,23394,12792,141454,69174,72280,35305,33300,43795,24726,15250,152376,73997,78379,36154,32440,45668,28400,17487,160149,77598,82551,35000,30339,45080,31936,19444,161799,78712,83087,34442,30365,43501,35267,21214,164789,80062,84727,33620,30724,42956,36032,22250,165582,80434,85148
05,Hautes-Alpes,Provence-Alpes-Côte d'Azur,93,5549,29358,25633,22261,14607,5548,97407,48868,48539,29168,29543,24231,13235,6561,102738,51394,51344,29011,32332,24056,15057,7481,107937,53891,54046,29569,33317,25823,15826,8730,113265,56273,56992,29321,32833,28682,18207,8487,117530,57988,59542,30169,31213,32647,18047,10466,122542,60149,62393,30846,30239,37283,18820,12265,129453,63311,66142,31466,29056,39586,22438,14425,136971,66857,70114,31564,28640,39790,25392,15530,140916,68864,72052,30117,27261,37879,29523,16409,141189,68932,72257,29263,26865,37157,30480,17294,141059,68834,72225
06,Alpes-Maritimes,Provence-Alpes-Côte d'Azur,93,4299,197624,203840,191754,156743,65877,815838,385310,430528,200174,223880,212318,144697,79025,860094,403435,456659,205766,246722,216179,149091,90911,908669,426832,481837,215109,263257,232984,157821,103209,972380,456833,515547,218558,264742,245410,173257,96735,998702,468625,530077,224566,258122,262843,163374,109051,1017956,477694,540262,235361,256715,284825,167182,119417,1063500,500470,563030,235472,250738,288561,176434,127524,1078729,510149,568580,231356,242791,288705,188738,130850,1082440,513015,569425,233772,238906,286776,199312,138812,1097578,519026,578552,235014,237106,286618,201508,143309,1103555,521131,582424
07,Ardèche,Auvergne-Rhône-Alpes,84,5529,78835,61923,57910,41938,16813,257419,125982,131437,76695,69228,63361,35549,19493,264326,129598,134728,74331,75566,62130,38917,22062,273006,133733,139273,72027,76142,64524,40801,24157,277651,136179,141472,68314,74763,69543,47122,21745,281487,138018,143469,68840,71065,76478,45618,26385,288386,141348,147038,71048,69368,86049,46030,30622,303117,148244,154873,72685,66679,88707,52282,34737,315090,153480,161610,73239,63166,90399,60703,36702,324209,158059,166150,72467,61410,88243,68484,38753,329357,160820,168537,70816,61675,87687,69557,41130,330865,161582,169283
08,Ardennes,Grand Est,44,5229,113152,80149,64037,38213,14253,309804,155046,154758,104521,83526,69332,30996,15897,304272,151181,153091,96004,90479,64354,32661,17601,301099,149011,152088,90220,86988,65214,35136,18592,296150,145735,150415,82817,83770,68844,42159,15778,293368,144414,148954,78878,77292,73480,40718,19241,289609,142345,147264,74048,71874,80394,37263,22846,286425,140025,146400,70956,66958,80373,39876,25087,283250,138955,144295,66982,60496,77520,45632,27122,277752,135502,142250,62619,56832,71169,51779,26587,268986,131377,137609,60125,55725,69077,52834,27524,265285,129616,135669
09,Ariège,Occitanie,76,4890,36789,29820,32673,27061,11750,138093,68157,69936,33970,32332,34320,22448,13083,136153,67100,69053,31994,35807,31461,23089,14590,136941,67307,69634,31068,35791,31076,23381,15365,136681,67204,69477,29566,34533,32742,26459,13196,136496,67080,69416,29938,32235,36386,24381,15259,138199,67793,70406,31450,31374,41628,23363,17073,144888,70810,74078,32874,31659,43373,25480,18652,152038,74143,77895,32248,29332,42558,29118,19243,152499,74509,77990,31254,28808,40796,32636,19724,153218,74998,78220,30498,28773,40180,33192,20483,153126,74920,78206
10,Aube,Grand Est,44,6004,93256,77161,59206,39402,16037,285062,140547,144515,89153,82333,64089,33588,18704,287867,141733,146134,85607,88129,61963,34625,20528,290852,142801,148051,81304,85041,65400,35838,21555,289138,141707,147431,76916,83204,71101,41672,19682,292575,143281,149294,75523,78075,76241,40499,22847,293185,142951,150234,74168,75072,83362,39590,26291,298483,145003,153480,74329,72391,82645,45039,28923,303327,147394,155933,75162,70146,81293,51274,31181,309056,150077,158979,75302,70025,77760,56321,31136,310544,151075,159469,74862,70017,77295,56473,32436,311083,151217,159866
11,Aude,Occitanie,76,6139,74269,59132,66494,51217,21803,272915,132514,140401,71819,67271,69910,43976,24776,277752,135677,142075,69374,75684,66332,47094,27738,286222,140110,146112,70250,80252,68278,49919,30218,298917,146776,152141,68234,78582,72170,57261,27157,303404,148047,155357,70777,75355,80842,53961,32406,313341,151891,161450,75607,76221,93314,54249,36846,336237,162097,174140,80382,76196,97305,60928,41656,356467,171806,184661,80757,71724,99213,71464,43799,366957,176762,190195,80636,71452,97783,79700,46530,376101,180933,195168,79715,72105,97739,80958,49327,379844,182689,197155
12,Aveyron,Occitanie,76,8735,80108,64215,64673,50387,19461,278844,136649,142195,75287,68327,69320,42968,22563,278465,136481,141984,69948,72207,64696,44902,26224,277977,136189,141788,63814,70063,63134,44379,29018,270408,132694,137714,58013,66987,64717,51129,25627,266473,130868,135605,56200,62453,68187,48525,29700,265065,130336,134729,56610,60136,75837,46099,33297,271979,133321,138658,57774,56288,76885,48369,37489,276805,135528,141277,58034,52414,76419,53324,38978,279169,137383,141786,56675,52569,72456,59333,38814,279847,138258,141589,55265,53089,71524,60524,39852,280254,138688,141566
13,Bouches-du-Rhône,Provence-Alpes-Côte d'Azur,93,5088,498687,461172,379815,212023,80285,1631982,801671,830311,497615,500449,407460,196895,93021,1695440,829045,866395,486667,525673,404117,214699,104607,1735763,841807,893956,470370,525915,421957,223891,115931,1758064,850827,907237,457907,528538,451543,252033,112181,1802202,869550,932652,464043,515726,485691,246121,135297,1846878,887384,959494,477915,510014,521846,254789,157257,1921821,916887,1004934,478766,503257,529405,282374,178216,1972018,941027,1030991,484567,491927,534461,317089,188578,2016622,965445,1051177,485161,490953,526349,342717,204964,2050144,979126,1071018,483436,489974,526957,348795,213337,2062499,984413,1078086
14,Calvados,Normandie,28,5548,201930,156051,115317,64596,22984,560878,272999,287879,195976,172080,126718,57843,27549,580166,281789,298377,194298,190584,121358,65252,31730,603222,291834,311388,186832,190510,132368,72120,36287,618117,298478,319639,176014,189665,148045,85332,34682,633738,305920,327818,173939,182660,165492,84902,44200,651193,313749,337444,172727,175333,182751,84505,52894,668210,320384,347826,169885,170840,184362,96108,61910,683105,328672,354433,169622,160023,181998,114476,67460,693579,333893,359686,160566,160115,173936,130655,69809,695081,334069,361012,156612,159879,172228,132852,73739,695310,333888,361422
15,Cantal,Auvergne-Rhône-Alpes,84,5726,52254,38935,37733,27456,10449,166827,82748,84079,47733,41499,39728,23441,11742,164143,81400,82743,42951,44217,36391,24102,13319,160980,79503,81477,39331,43619,36336,24847,14707,158840,78250,80590,34134,40910,37859,28523,13204,154630,76128,78502,31216,36568,40104,27048,15704,150640,74002,76638,29817,33616,43723,24850,17824,149830,72918,76912,28632,30260,43537,25867,19866,148162,72057,76105,27747,27292,41462,29147,20571,146219,71239,74980,27359,25772,38579,32473,20068,144251,70606,73645,26719,25449,37595,33047,20470,143280,70146,73134
16,Charente,Nouvelle-Aquitaine,75,5956,106304,82492,75695,52303,20747,337541,165042,172499,99206,89756,81531,44937,24314,339744,165570,174174,92922,97227,76479,46849,27361,340838,165986,174852,88321,96427,78381,48788,30124,342041,166569,175472,81190,92240,83492,57150,27299,341371,166137,175234,78641,84427,90896,54653,32144,340761,165608,175153,76405,80153,99838,53161,36354,345911,167184,178727,76841,75613,100827,57279,41017,351577,170202,181375,75945,70603,98596,65779,42690,353613,171597,182016,72933,70216,92038,73113,43105,351405,170102,181303,70991,70201,90375,74163,44568,350298,169281,181017
17,Charente-Maritime,Nouvelle-Aquitaine,75,6864,159736,120052,110162,77386,30861,498197,243554,254643,150623,132449,120328,69318,35610,508328,248123,260205,141291,143446,115420,76259,41465,517881,252004,265877,134963,141691,120654,82779,47099,527186,255938,271248,126840,140592,131809,97832,43706,540779,262046,278733,127938,135480,147385,96073,54866,561742,271615,290127,130985,134823,165787,96349,64696,592640,285267,307373,134587,132614,170053,111149,73920,622323,299703,322620,135463,123557,170498,130497,79923,639938,307008,332930,132199,122758,166495,146807,86004,654263,312802,341461,129011,122942,167067,148793,91669,659482,314651,344831
18,Cher,Centre-Val de Loire,24,7235,96819,79607,67958,51242,20905,316531,156076,160455,92154,85198,74095,43632,23463,318542,156590,161952,87399,92337,71182,44369,26178,321465,157301,164164,82551,90482,74890,45300,28264,321487,157269,164218,75454,86351,78716,52471,25258,318250,155632,162618,73405,77927,83725,50667,28860,314584,153480,161104,71839,72681,89837,48697,31588,314642,152744,161898,68996,66377,87756,53045,35083,311257,151082,160175,67326,61171,85130,58436,36929,308992,150109,158883,63141,59103,77732,63522,37123,300621,145591,155030,61174,58207,75626,63680,38217,296904,143573,153331
19,Corrèze,Nouvelle-Aquitaine,75,5857,65736,55397,57414,44578,17594,240719,117646,123073,61747,59930,60901,38387,20403,241368,117510,123858,57570,64251,55924,40093,23090,240928,117032,123896,53968,62618,55433,40810,25222,238051,115403,122648,48875,59970,57746,46245,22586,235422,114107,121315,47264,55225,61620,42576,26946,233631,113385,120246,47424,53518,67897,39957,30389,239185,116363,122822,48920,50974,67901,42436,33320,243551,118074,125477,49310,46755,66135,46494,33177,241871,117244,124627,48283,44314,62319,52026,32492,239434,116257,123177,46779,44479,61087,52816,33284,238445,115712,122733
2A,Corse-du-Sud,Corse,94,4014,26285,28470,24259,16033,6449,101496,52398,49098,27594,30121,25965,15409,7097,106186,53356,52830,27673,33162,26875,16674,7859,112243,56250,55993,29340,34348,28416,17572,8776,118452,58329,60123,28658,32918,30237,19474,8466,119753,58459,61294,28196,30475,32779,19170,10133,120753,58462,62291,28657,31913,38419,21647,12492,133128,64371,68757,29877,33762,41577,23846,14538,143600,69661,73939,30619,34762,43094,27584,16671,152730,73941,78789,32530,33742,44167,29910,19503,159852,77062,82790,32848,32709,45141,31138,20478,162314,78072,84242
2B,Haute-Corse,Corse,94,4666,31733,37729,29082,19032,7919,125495,67096,58399,33388,37420,32053,18014,8672,129547,67253,62294,32014,40340,31523,18832,9503,132212,67868,64344,31317,38877,31527,19280,10192,131193,65280,65913,31687,39538,35072,22181,10185,138663,68504,70159,32290,38628,38341,22333,12194,143786,70495,73291,33419,39904,44056,24086,14499,155964,76076,79888,34993,40716,46717,27398,16269,166093,81972,84121,37104,40262,48034,31030,18123,174553,85485,89068,37590,42510,48813,34337,20532,183782,90045,93737,38265,42627,49061,35537,21661,187151,91722,95429
21,Côte-d'Or,Bourgogne-Franche-Comté,27,8763,152744,129532,93736,56806,23116,455934,224636,231298,149319,139454,102702,49846,26677,467998,228982,239016,147073,151238,99824,53109,29788,481032,234646,246386,140325,153146,109584,56834,33582,493471,239936,253535,131910,153422,119884,66392,31159,502767,243656,259111,128845,146583,130900,64878,36809,508015,245407,262608,127790,139605,142152,64331,41951,515829,249034,266795,124339,136186,142081,73539,48213,524358,253661,270697,126041,129839,140769,85432,51066,533147,257709,275438,120177,131054,134796,95084,53127,534238,257624,276614,118118,130903,133327,96670,55406,534424,257607,276817
22,Côtes-d'Armor,Bretagne,53,6878,171225,123884,118924,84317,27582,525932,255470,270462,163488,134355,129212,74309,33369,534733,259554,275179,152648,145164,120784,80912,39165,538673,261163,277510,144313,140692,123019,85987,44432,538443,260597,277846,131553,136610,129616,98424,40806,537009,259682,277327,129699,129118,140446,95167,51226,545656,263644,282012,131950,126460,156897,90972,60409,566688,273879,292809,137885,124102,160262,100641,68751,591641,285818,305823,137905,112936,159400,113639,74477,598357,289000,309357,134012,110280,153768,128098,74520,600678,290201,310477,130658,110172,152841,129855,77828,601354,290642,310712
23,Creuse,Nouvelle-Aquitaine,75,5565,37336,29157,34721,31477,13957,146648,71592,75056,33655,31040,36328,25268,15542,141833,69347,72486,29654,33139,31966,24676,17171,136606,66767,69839,27121,32121,29990,24802,17551,131585,64288,67297,24369,30378,29907,27881,14467,127002,61997,65005,23630,27283,31851,25115,16424,124303,60658,63645,23290,24878,35188,22038,18029,123423,60074,63349,23189,22839,35263,22790,18948,123029,59794,63235,22121,20543,33647,25234,18820,120365,58607,61758,20925,19262,30078,28283,17093,115641,56194,59447,20160,18961,28852,28494,17244,113711,55336,58375
24,Dordogne,Nouvelle-Aquitaine,75,9060,104758,83379,90130,68923,26519,373709,182298,191411,97958,90808,95998,60329,30810,375903,182968,192935,92504,100419,89740,64273,35497,382433,185843,196590,89277,100142,90337,67655,39279,386690,187554,199136,82838,96169,94872,76946,36116,386941,187288,199653,81706,88737,103890,72608,43331,390272,188497,201775,82875,84134,115611,69889,49098,401607,192717,208890,84243,80703,117764,76881,54558,414149,199239,214910,82689,73881,114964,86751,57132,415417,200162,215255,78546,71649,107714,96524,58201,412634,198621,214013,75948,71510,105260,97457,60912,411087,197880,213207
25,Doubs,Bourgogne-Franche-Comté,27,5233,169941,142505,93656,48392,16193,470687,235394,235293,162761,146091,103160,43387,19494,474893,235464,239429,157567,155183,101548,47337,22576,484211,240134,244077,145244,150401,110536,51791,26292,484264,238681,245583,137444,150491,119581,62215,25332,495063,243111,251952,133902,144888,128180,63737,30716,501423,245628,255795,132318,142597,138404,64096,36156,513571,251617,261954,133375,139827,138484,72758,43326,527770,258852,268918,134761,134108,138754,81319,48017,536959,262960,273999,134113,133113,136858,90560,50694,545338,266873,278465,133492,131707,137198,91880,53295,547572,267802,279770
26,Drôme,Auvergne-Rhône-Alpes,84,6530,117450,95717,78976,50268,19565,361976,177859,184117,117280,106757,88427,44767,22941,380172,186457,193715,116982,117024,90401,49876,26565,400848,196322,204526,116144,118568,96221,53296,29600,413829,202454,211375,113619,118132,105277,62612,27868,427508,208947,218561,115762,113222,116180,62394,33922,441480,215324,226156,117781,112496,128973,65307,39419,463976,225336,238640,120813,110856,133815,74214,45017,484715,235845,248870,123953,109257,137098,85175,49154,504637,245086,259551,125775,109847,134654,94968,54234,519478,251571,267907,124501,110679,135060,96677,57589,524506,253550,270956
27,Eure,Normandie,28,6040,150442,115061,86536,51537,19143,422719,209791,212928,151295,131805,97658,46035,22480,449273,222480,226793,154335,151250,99151,50079,25846,480661,238265,242396,159577,157386,112269,55675,28558,513465,254530,258935,153932,155410,127903,66583,27849,531677,262547,269130,153239,146951,143885,66899,33661,544635,267903,276732,152948,143773,160078,67231,39286,563316,275423,287893,155308,143717,164212,78780,44526,586543,286491,300052,157818,135750,165617,93660,49103,601948,294466,307482,152272,128282,159635,106557,50993,597739,291233,306506,147534,126056,158124,108946,53225,593885,289097,304788
28,Eure-et-Loir,Centre-Val de Loire,24,5880,114101,90619,68291,44800,17120,334931,167844,167087,114680,101919,76970,40085,20215,353869,176280,177589,117647,115362,76990,42259,23534,375792,186993,188799,120542,116738,85881,46089,26433,395683,195808,199875,115393,114792,97444,53859,24880,406368,200674,205694,111672,108262,107426,52592,29390,409342,201874,207468,109506,106779,117026,51258,34399,418968,206106,212862,110225,103810,118400,59010,37488,428933,210244,218689,110486,96493,118183,68494,40379,434035,212210,221825,108602,90850,113829,76311,40822,430414,210471,219943,105867,89422,112852,77267,42368,427776,208991,218785
29,Finistère,Bretagne,53,6733,260202,194883,183601,124761,41033,804480,389640,414840,250884,214856,196665,109893,48141,820439,397987,422452,239601,237140,182218,117011,56067,832037,402979,429058,228199,238713,186530,120812,64112,838366,406316,432050,211611,236433,196981,137201,59072,841298,407937,433361,210056,225276,215732,132474,72386,855924,415001,440923,210814,216126,241946,125218,84428,878532,424701,453831,212627,207870,247153,137439,92539,897628,434747,462881,211109,194570,247538,155652,98927,907796,441610,466186,203071,193271,239305,180760,101020,917427,445882,471545,198612,193661,237703,186276,106545,922797,448395,474402
30,Gard,Occitanie,76,5853,149043,123704,116715,75219,30220,494901,241307,253594,146958,141160,126858,67893,35058,517927,252322,265605,149131,159101,127133,76451,39723,551539,268933,282606,153361,167789,136652,82899,44281,584982,285249,299733,152072,165641,149870,95829,42001,605413,294357,311056,157438,159729,168233,93553,51098,630051,305409,324642,165827,160894,190340,97702,59299,674062,325038,349024,172491,160182,198317,110997,67713,709700,342014,367686,174879,155914,201343,131250,74803,738189,355841,382348,171627,154825,195903,146845,81093,750293,361584,388709,168506,154424,195289,149899,85318,753436,363188,390248
31,Haute-Garonne,Occitanie,76,6309,232570,227477,175178,101889,39905,777019,377921,399098,231991,248053,190306,92618,46199,809167,393461,415706,240695,282294,188293,99190,52372,862844,417811,445033,236462,307735,212365,107885,60669,925116,448962,476154,239441,329948,237646,125956,58142,991133,481021,510112,256885,339757,269714,125826,70332,1062514,515978,546536,285857,354677,312110,131767,80782,1165193,567360,597833,300828,366583,328845,152046,95339,1243641,607753,635888,323586,385258,347995,175488,102776,1335103,651763,683340,335553,402588,364079,202952,111563,1416735,690228,726507,343415,405739,373055,211050,118796,1452055,707010,745045
32,Gers,Occitanie,76,6257,49622,39862,42233,31562,12404,175683,87418,88265,45372,42429,45464,26954,14496,174715,86821,87894,40997,45999,42240,28138,17024,174398,86495,87903,38892,45792,41858,29504,18700,174746,86476,88270,35713,43143,43239,34066,16489,172650,85175,87475,35909,39274,46532,32369,19438,173522,85197,88325,37333,37028,52376,31144,22114,179995,87831,92164,39142,36017,54676,33491,24833,188159,91850,96309,39309,33852,54050,37794,25927,190932,93224,97708,38569,33113,51542,41829,26574,191627,93443,98184,37655,33545,50584,42761,27734,192279,93773,98506
33,Gironde,Nouvelle-Aquitaine,75,9976,322031,287901,239378,148563,63822,1061695,509708,551987,321801,323798,257986,130974,71955,1106514,531483,575031,328864,360891,248177,143155,78428,1159515,556423,603092,322923,376080,274384,153481,86672,1213540,583207,630333,311657,381964,305608,176174,81062,1256465,603248,653217,314898,376182,340762,169074,98861,1299777,623030,676747,330394,380716,382383,170085,114413,1377991,659192,718799,343990,385881,393121,197712,128541,1449245,694456,754789,367510,396082,414988,234069,135829,1548478,744260,804218,379193,416796,429618,269804,146733,1642144,787502,854642,383929,423758,439976,277748,155919,1681330,805997,875333
34,Hérault,Occitanie,76,6101,189455,170698,146891,99614,41369,648027,311847,336180,193751,193059,160603,91713,47507,686633,330296,356337,203654,221406,162583,103406,54826,745875,357619,388256,204223,236860,180042,112314,61203,794642,381220,413422,208322,250132,201490,131478,58615,850037,407154,442883,220086,256162,228899,129337,73263,907747,433457,474290,238996,262092,260187,137744,86094,985113,469027,516086,244385,269093,273088,158459,99533,1044558,498750,545808,258561,279177,286806,187772,107874,1120190,535617,584573,270441,291188,296265,210314,121416,1189624,568390,621234,275588,294538,301730,214999,130932,1217787,581879,635908
35,Ille-et-Vilaine,Bretagne,53,6775,242665,192374,148859,89194,28936,702028,338353,363675,244076,212217,165420,78563,34502,734778,355289,379489,245527,236598,157683,86809,40055,766672,370965,395707,236230,247390,173092,93790,47283,797785,387117,410668,227781,258500,190739,110849,44986,832855,404426,428429,232093,262614,212705,111092,57697,876201,426218,449983,245685,267951,242571,109129,68549,933885,455429,478456,256762,270231,256693,123441,81013,988140,482147,505993,270738,269907,270472,142827,88940,1042884,509499,533385,274226,275170,280325,165872,93107,1088700,531629,557071,275115,277041,285664,171869,98171,1107860,540943,566917
36,Indre,Centre-Val de Loire,24,6791,74486,57839,55047,43433,18123,248928,122702,126226,67983,61055,58821,36512,20647,245018,120344,124674,61752,65409,54690,36985,23097,241933,118474,123459,56660,63590,54974,37509,24876,237609,116037,121572,51162,60896,56813,43337,21848,234056,114249,119807,49394,55804,60351,41153,24739,231441,112804,118637,49123,51768,65434,38727,27560,232612,112790,119822,48644,46819,65298,40569,29846,231176,111941,119235,46349,40754,61867,44335,30895,224200,108294,115906,43776,39106,56496,48069,30514,217961,105356,112605,42116,39179,54547,47858,31331,215031,104010,111021
37,Indre-et-Loire,Centre-Val de Loire,24,6127,159991,129112,98213,64300,26770,478386,233095,245291,156367,141854,110024,57950,31005,497200,241705,255495,154540,155011,108761,62075,35586,515973,249697,266276,146813,158141,117965,66018,40213,529150,255981,273169,139007,160244,129635,76895,37701,543482,262182,281300,138677,154770,142720,76091,44912,557170,268405,288765,141241,150069,156895,76688,51473,576366,277046,299320,142373,146359,159104,84908,57771,590515,284496,306019,145223,140386,159446,97172,62739,604966,290813,314153,142299,140615,155194,109381,63571,611060,293800,317260,140886,140180,154898,111475,65967,613406,294900,318506
38,Isère,Auvergne-Rhône-Alpes,84,7432,285686,254694,183930,98810,36593,859713,426283,433430,292199,281449,206904,88195,43135,911882,450622,461260,298917,306036,211859,98574,49229,964615,475873,488742,298116,318256,233911,108987,55968,1015238,500449,514789,292227,326290,258287,129956,53008,1059768,522200,537568,297166,323383,284378,132624,64780,1102331,542511,559820,309331,322666,311157,138534,76215,1157903,569498,588405,315659,317492,322916,157991,92316,1206374,593783,612591,325529,305747,335131,182769,101884,1251060,614621,636439,323861,303227,334891,202561,111778,1276318,624825,651493,320370,304092,337011,207704,116738,1285915,628708,657207
39,Jura,Bourgogne-Franche-Comté,27,4999,78776,60164,51661,35444,13144,239189,118288,120901,75449,64629,55875,30257,15492,241702,119018,122684,71872,69965,53600,31860,17717,245014,120622,124392,68999,69811,56319,33936,19642,248707,122370,126337,64905,68847,59963,39060,17734,250509,123096,127413,63867,64619,64898,37226,21201,251811,123629,128182,63301,61285,71080,36476,24425,256567,125398,131169,63528,57894,72562,40423,27127,261534,127878,133656,61670,53085,71930,45390,28512,260587,127209,133378,58544,51602,68583,50463,29564,258756,126229,132527,56466,51089,67780,51252,30541,257128,125417,131711
40,Landes,Nouvelle-Aquitaine,75,9243,86747,69123,66152,47767,18771,288560,140814,147746,82421,75206,73088,41670,22132,294517,143612,150905,78448,84154,70886,44770,25275,303533,147963,155570,76092,85443,73204,48774,27994,311507,152262,159245,72467,84898,79324,57475,25614,319778,155984,163794,74116,81376,88045,56845,31128,331510,161347,170163,79207,81320,102747,57175,37095,357544,173700,183844,85030,83015,108821,65091,42363,384320,186892,197428,87421,80411,113030,76277,46095,403234,195814,207420,87994,78497,113461,87540,49201,416693,201908,214785,86479,78984,114080,90339,52450,422332,204584,217748
41,Loir-et-Cher,Centre-Val de Loire,24,6343,90903,70171,59018,44954,18708,283754,139552,144202,87523,77071,66531,39308,22064,292497,143686,148811,84219,85137,64526,41214,25211,300307,147377,152930,80847,84815,68396,43946,27865,305869,150006,155863,76039,83686,74383,51980,25502,311590,152520,159070,75451,78906,81121,50721,30155,316354,154527,161827,75430,75608,89666,48512,34273,323489,157234,166255,77264,70742,90935,52638,38500,330079,160452,169627,77115,66125,90314,59310,40186,333050,161839,171211,73642,62864,85558,66140,40032,328236,159305,168931,71228,62292,84034,66657,41387,325598,157970,167628
42,Loire,Auvergne-Rhône-Alpes,84,4781,238284,199132,166717,101111,37764,743008,362080,380928,229031,204742,177052,85719,43644,740188,359032,381156,221767,214559,166574,91469,48751,743120,359925,383195,210770,209651,173986,97163,54531,746101,361112,384989,193568,203482,181616,111700,49825,740191,357687,382504,184596,190618,188550,107670,59180,730614,352425,378189,181560,184550,200205,104688,68390,739393,356537,382856,183025,177526,196937,114020,77439,748947,361101,387846,186752,168579,195955,126183,81942,759411,366310,393101,186024,169599,190617,136663,83742,766645,371127,395518,184379,169894,190225,137052,85999,767549,371954,395595
43,Haute-Loire,Auvergne-Rhône-Alpes,84,4977,62124,48235,45955,35142,14419,205875,100567,105308,58878,52092,50167,28481,16222,205840,100797,105043,55996,57039,46710,29456,17691,206892,101578,105314,53618,56609,47397,30641,18393,206658,101757,104901,50018,55387,49682,35470,15954,206511,101620,104891,50078,52563,54491,34291,18987,210410,103550,106860,51280,50884,61260,32810,21586,217820,106916,110904,52757,47900,62769,35948,24632,224006,109874,114132,52301,44559,63386,40662,26126,227034,111646,115388,51054,43342,60717,46384,26133,227630,111906,115724,49680,43287,60107,47177,26973,227224,111871,115353
44,Loire-Atlantique,Pays de la Loire,52,6809,330125,253938,197702,110691,41610,934066,451317,482749,328836,280721,220204,98211,47952,975924,472182,503742,326671,311953,213520,111420,53913,1017477,492588,524889,318047,314691,234137,120940,62724,1050539,508752,541787,305451,324335,262597,144697,58953,1096033,530661,565372,306669,325923,292964,145348,75154,1146058,555001,591057,319282,332491,331087,145633,90317,1218810,590848,627962,331841,335966,341527,168126,104592,1282052,621628,660424,353654,341554,358080,197348,114591,1365227,662928,702299,364594,357852,372278,229095,121071,1444890,702284,742606,367807,364532,381147,236836,127779,1478101,718588,759513
45,Loiret,Centre-Val de Loire,24,6775,159056,137626,100915,65830,26277,489704,242174,247530,162285,153863,115334,58681,30461,520624,256670,263954,166468,171559,115761,63282,35185,552255,271931,280324,167195,174410,129692,68871,39842,580010,284967,295043,163102,176488,145600,82081,37298,604569,296554,308015,163272,171419,160237,81176,45126,621230,304118,317112,164967,168829,174706,80228,52439,641169,313609,327560,165757,164461,175736,91650,58501,656105,320458,335647,171396,156747,178090,104543,62573,673349,327822,345527,172580,155769,173889,116084,64120,682442,332472,349970,172206,156116,173128,117631,67119,686200,334413,351787
46,Lot,Occitanie,76,5217,42293,33984,35153,28507,10988,150925,73651,77274,39853,37557,38399,24542,12886,153237,74740,78497,37353,40819,36667,26407,14785,156031,76027,80004,35529,39912,36555,27493,16481,155970,75936,80034,33564,38770,38692,32109,14842,157977,76858,81119,33840,36287,42487,30727,18034,161375,78550,82825,34463,34859,48412,29753,20784,168271,81695,86576,35402,32866,49803,32978,23529,174578,84582,89996,33986,29816,47974,36851,24773,173400,83968,89432,32191,29891,44736,41799,25535,174152,84531,89621,31288,29911,43740,42580,27003,174522,84916,89606
47,Lot-et-Garonne,Nouvelle-Aquitaine,75,5361,86677,70042,68860,48341,19088,293008,143078,149930,81983,75857,73922,42808,21807,296377,144400,151977,78194,81363,70459,46322,25182,301520,146548,154972,76243,81101,71651,48832,27970,305797,148560,157237,70704,77468,75026,55296,25816,304310,147391,156919,70073,72252,81014,52777,31299,307415,148436,158979,70561,70867,89888,51961,36442,319719,154079,165640,72384,69274,91458,57188,40819,331123,159919,171204,72810,65592,89172,63458,42385,333417,160565,172852,70744,63915,84358,68384,43279,330680,158771,171909,69164,63500,83217,68579,44675,329135,157773,171362
48,Lozère,Occitanie,76,5167,22101,17741,16432,13122,5536,74932,37352,37580,20707,19321,17263,11063,6109,74463,37235,37228,19253,20662,16122,11265,6815,74117,36993,37124,17916,19826,16438,11295,7388,72863,36470,36393,16550,19449,17679,12719,6487,72884,36607,36277,16300,18690,19257,12112,7492,73851,37154,36697,16585,18225,21603,11689,8196,76298,38394,37904,16570,16557,22073,12953,8929,77082,38697,38385,16278,15218,21362,14155,9296,76309,38030,38279,15738,14889,20437,16031,9534,76629,38319,38310,15458,14833,20034,16490,9758,76573,38330,38243
49,Maine-et-Loire,Pays de la Loire,52,7172,231299,164702,125159,77123,31510,629793,305876,323917,232373,184558,139978,67347,36084,660340,321643,338697,232605,203904,136698,74862,41274,689343,335476,353867,223289,207810,146402,80364,46803,704668,343077,361591,208713,210520,162170,95671,43495,720569,350875,369694,202851,205890,180221,94353,53552,736867,358416,378451,203411,202225,201350,92258,62285,761529,370121,391408,205810,199493,205367,103293,70847,784810,381343,403467,212335,191428,208925,119888,77610,810186,394485,415701,204988,189996,205536,138339,81506,820365,398895,421470,200402,190261,205462,143047,86069,825241,401053,424188
50,Manche,Normandie,28,5938,157424,108078,102407,63793,20533,452235,218680,233555,149144,119515,111178,56770,24807,461414,224413,237001,141458,135135,103024,62831,29351,471799,229918,241881,137940,136991,104279,67228,33141,479579,235046,244533,128454,132164,109262,78958,31472,480310,235443,244867,124561,121945,119421,77172,40079,483178,236358,246820,120377,114483,135040,72465,48745,491110,239260,251850,116989,107820,138858,79021,56059,498747,243250,255497,113790,100521,136327,88345,60304,499287,243366,255921,107310,97687,127575,101162,60147,493881,241022,252859,103797,96639,124619,103696,62530,491281,239720,251561
51,Marne,Grand Est,44,8162,185956,155775,104993,60063,23333,530120,262699,267421,179583,165301,115266,51790,26582,538522,265439,273083,176157,179067,111409,55219,29813,551665,270731,280934,166598,177443,121936,58721,32938,557636,273087,284549,154946,176918,133813,69022,30209,564908,275999,288909,149182,167550,144493,67981,35983,565189,275420,289769,144208,158605,155462,65647,41753,565675,274734,290941,139823,150892,152970,75474,46148,565307,274486,290821,141407,143589,150348,87657,49292,572293,277848,294445,135409,139750,142740,97841,49894,565634,273459,292175,132820,137652,140943,98762,52368,562545,271442,291103
52,Haute-Marne,Grand Est,44,6211,75943,54722,43631,27674,10694,212664,106283,106381,70061,57979,47259,23709,11968,210976,105193,105783,64652,61785,44617,25429,13700,210183,104320,105863,58976,58972,45100,26022,14969,204039,101003,103036,52823,55271,47562,30218,13389,199263,98458,100805,49395,49423,50168,29243,15795,194024,95580,98444,44858,44943,53832,27264,17920,188817,92662,96155,41930,40675,52271,29439,19724,184039,90277,93762,39350,36987,49311,32536,20970,179154,87689,91465,35859,34693,44105,35677,20227,170561,83512,87049,34077,33690,42485,35533,20558,166343,81413,84930
53,Mayenne,Pays de la Loire,52,5175,92082,65473,56190,36007,12201,261953,126950,135003,89752,71418,61674,31190,14656,268690,130699,137991,86775,79169,57755,33981,17504,275184,134342,140842,83287,78529,59839,35671,20422,277748,136141,141607,77643,78305,64085,42461,18949,281443,138565,142878,76077,75741,70130,41675,23347,286970,141536,145434,76751,73945,79182,39602,27404,296884,146115,150769,79500,70593,81721,42757,31766,306337,150966,155371,79479,64607,81579,48137,34138,307940,151413,156527,75986,62943,79068,55063,33655,306715,151300,155415,73554,62816,78641,56499,34360,305870,151063,154807
54,Meurthe-et-Moselle,Grand Est,44,5246,248294,209541,153401,83022,28744,723002,358234,364768,232102,216150,166264,69996,33306,717818,352958,364860,221925,232070,155093,75820,37488,722396,353101,369295,204239,223578,160020,81758,41772,711367,346049,365318,191725,220686,169705,97715,37442,717273,348213,369060,185603,208368,180435,95639,45639,715684,347007,368677,182533,201173,196109,89584,54398,723797,351050,372747,177426,198624,195329,97941,62887,732207,354243,377964,176370,189203,191963,110570,66297,734403,356979,377424,169531,188118,184155,124757,66735,733296,356384,376912,166746,185787,182981,127125,68367,731006,355224,375782
55,Meuse,Grand Est,44,6211,70538,51317,43037,28308,11101,204301,101390,102911,65033,54436,46398,23227,12215,201309,99668,101641,60377,58992,42392,24435,13495,199691,98784,100907,56967,56622,42372,25950,14371,196282,96894,99388,52352,54492,45228,30409,12406,194887,96259,98628,50179,50071,49067,28636,14729,192682,95324,97358,48535,47975,54645,25636,16846,193637,95894,97743,46281,46197,54687,27884,18874,193923,96063,97860,44584,41533,52317,32225,19967,190626,94125,96501,40960,37805,47556,36765,19141,182227,90312,91915,38819,36928,45824,37353,19232,178156,88484,89672
56,Morbihan,Bretagne,53,6823,194284,137967,125726,80896,25066,563939,275686,288253,188965,153401,137896,72433,29930,582625,285022,297603,181976,172571,131260,79662,35634,601103,293533,307570,177690,176398,137389,86139,42107,619723,302794,316929,164604,174251,147942,102650,40071,629518,306915,322603,162703,166115,165595,103703,51715,649831,316336,333495,165464,165164,191822,102628,62402,687480,334481,352999,170368,160457,199648,117279,73905,721657,350536,371121,172978,149829,203900,135096,83010,744813,361098,383715,169478,147544,199500,159326,87460,763308,370131,393177,166509,147030,199184,164555,93643,770921,373791,397130
57,Moselle,Grand Est,44,6216,369706,285466,217769,102809,31017,1006767,506864,499903,338154,301548,238496,90299,36567,1005064,502010,503054,312044,326655,228784,100840,42244,1010567,502233,508334,295016,322407,231128,114166,47797,1010514,499367,511147,276258,314240,246561,137401,44961,1019421,502639,516782,267655,292446,267881,140317,57217,1025516,504210,521306,255177,278439,296541,134714,69897,1034768,507621,527147,244432,271073,303513,142689,83359,1045066,511895,533171,237911,253740,296804,162457,93574,1044486,511372,533114,233764,246781,281303,187223,97490,1046561,511819,534742,229422,243411,277755,195230,98580,1044398,510753,533645
58,Nièvre,Bourgogne-Franche-Comté,27,6817,73028,56735,53417,43502,18984,245666,120451,125215,66570,60215,57115,36375,21264,241539,117855,123684,60455,64386,52943,36423,23266,237473,115600,121873,56848,61565,53085,37706,24246,233450,113311,120139,51952,57812,55952,43182,20679,229577,111212,118365,49216,51822,59413,40786,23817,225054,108750,116304,46571,47145,63825,38015,27155,222711,106913,115798,44842,43725,61754,40288,28975,219584,105078,114506,41863,38963,56495,44372,30054,211747,102012,109735,39486,36032,50637,47605,29107,202867,97582,105285,37983,35267,48945,47491,29687,199373,95779,103594
59,Nord,Hauts-de-France,32,5743,907224,685592,519103,295226,104447,2511592,1231895,1279697,870968,727122,561078,235383,116952,2511503,1226854,1284649,843992,786342,505651,254550,125243,2515778,1225209,1290569,815052,776517,531507,270726,135693,2529495,1228839,1300656,770087,774696,569696,320046,114423,2548948,1236069,1312879,747351,745004,616434,301978,143871,2554638,1235710,1318928,721083,722933,672330,276814,170726,2563886,1236216,1327670,701224,711010,668621,309066,186849,2576770,1243192,1333578,702173,682136,668047,355511,197371,2605238,1258424,1346814,679119,671176,650045,410584,197845,2608769,1258444,1350325,667669,663951,649592,418101,207560,2606873,1256536,1350337
60,Oise,Hauts-de-France,32,5860,218006,175662,119508,66292,26344,605812,304950,300862,221844,196876,136914,57432,30319,643385,322217,321168,227257,223030,140182,62041,33266,685776,342786,342990,230915,228546,160799,68667,35660,724587,360906,363681,225892,228881,185002,82350,33548,755673,375699,379974,223557,219321,203701,83491,39778,769848,381677,388171,220433,214226,223642,84277,46434,789012,388535,400477,217644,209369,224844,98500,53238,803595,395609,407986,219781,198330,227686,117055,58700,821552,402532,419020,217606,194720,222730,134305,61729,831090,406064,425026,213925,194270,221849,137592,65377,833013,406642,426371
61,Orne,Normandie,28,6103,102911,73151,63716,39661,14384,293823,143633,150190,96247,78162,68960,34261,17042,294672,144083,150589,90063,84953,64820,37957,19677,297470,145460,152010,83873,81560,65273,40680,21808,293194,143403,149791,77518,78949,69520,48277,20004,294268,144125,150143,74187,72475,74471,46455,24969,292557,143323,149234,70787,67710,81335,43711,29562,293105,143081,150024,69076,61891,80455,46906,33314,291642,141955,149687,65342,55513,77258,52738,35767,286618,139655,146963,60807,52763,70553,58586,35113,277822,135274,142548,57994,51833,68645,58867,35875,273214,132963,140251
62,Pas-de-Calais,Hauts-de-France,32,6671,515294,356535,304216,172702,56122,1404869,685997,718872,485884,387179,321497,147834,64896,1407290,685082,722208,468443,428031,292986,161106,72565,1423131,690595,732536,457839,422421,300490,171593,79865,1432208,694537,737671,428462,415476,323235,197104,73121,1437398,696543,740855,415294,393978,355237,187341,91376,1443226,698258,744968,398477,381137,395007,168025,109081,1451727,700286,751441,388227,370785,397395,188159,116821,1461387,705462,755925,387844,349953,392455,219046,123350,1472648,713171,759477,370815,338619,375363,257039,121306,1463142,710260,752882,360073,335450,372114,262009,126909,1456555,707368,749187
63,Puy-de-Dôme,Auvergne-Rhône-Alpes,84,7970,179585,162332,129753,78723,29725,580118,285340,294778,174321,173617,141445,66513,34125,590021,289640,300381,169232,183835,133988,72251,37703,597009,291510,305499,156878,180296,142332,77163,41642,598311,291070,307241,143697,176729,152803,89697,37107,600033,291278,308755,139913,168884,164977,86793,45900,606467,293775,312692,140426,164091,176663,85638,53753,620571,300162,320409,142237,158843,175413,95759,60059,632311,305823,326488,147173,152312,174415,109319,64282,647501,313600,333901,148498,156564,170872,122490,67307,665731,322423,343308,149263,157495,171013,123797,70926,672494,325711,346783
64,Pyrénées-Atlantiques,Nouvelle-Aquitaine,75,7645,165470,132164,122067,83227,32133,535061,258417,276644,157851,144218,133202,75038,38604,548913,264607,284306,150688,159549,129372,78489,44335,562433,270384,292049,144966,164054,135074,83767,50215,578076,278119,299957,137735,162656,144042,96975,46818,588226,283205,305021,138553,156437,157877,96229,55153,604249,290813,313436,140989,153464,177443,95453,63986,631335,303922,327413,143249,149799,184168,103170,73129,653515,314152,339363,145785,143749,185902,116386,78210,670032,321922,348110,144170,143627,183293,131256,83081,685427,328178,357249,142644,143704,183127,135362,86933,691770,330825,360945
65,Hautes-Pyrénées,Occitanie,76,4464,66688,55175,55043,36865,13735,227506,110811,116695,61682,59408,58039,32377,15728,227234,110450,116784,56898,63424,55261,34306,18537,228426,111064,117362,52244,62529,54516,35291,20339,224919,109088,115831,48205,59488,56803,40273,19167,223936,108259,115677,47647,53981,60597,38637,22437,223299,107713,115586,47725,49725,66215,37748,25670,227083,109325,117758,47745,47603,65309,39631,29170,229458,110414,119044,47105,42950,63640,43863,31024,228582,109918,118664,46020,44152,59966,49288,30687,230113,110898,119215,44917,44893,59129,50569,31506,231014,111369,119645
66,Pyrénées-Orientales,Occitanie,76,4116,83423,65784,74197,55528,20769,299701,144246,155455,86268,77363,81328,53601,24523,323083,155441,167642,85253,89312,80864,59409,29947,344785,165070,179715,86888,94784,84029,63638,34425,363764,174071,189693,85692,97004,88900,72011,33689,377296,180129,197167,90240,96550,99199,70380,40713,397082,188974,208108,96474,98008,114192,70623,46711,426008,201559,224449,100594,97860,118850,77970,53269,448543,213172,235371,105943,95164,123209,89184,57538,471038,224116,246922,104370,94634,122449,98340,61939,481732,228931,252801,102626,94903,122647,99556,65664,485396,230429,254967
67,Bas-Rhin,Grand Est,44,4755,295873,252985,182862,114014,36440,882174,431988,450186,283329,276866,204042,95432,44151,903820,441064,462756,276197,303684,202294,96201,50563,928939,451585,477354,262554,316910,213509,104128,55057,952158,462808,489350,258800,325227,236782,124692,49431,994932,484491,510441,265267,316086,264844,127223,59078,1032498,503475,529023,269039,308041,296451,128839,68790,1071160,521362,549798,265297,295829,310329,141907,82543,1095905,534033,561872,262537,287333,311040,163558,92190,1116658,543505,573153,261548,290646,303825,189950,99912,1145881,557159,588722,260154,290769,303579,200033,102011,1156546,561964,594582
68,Haut-Rhin,Grand Est,44,3525,211846,182154,134658,79061,27192,634911,312550,322361,202773,194978,150345,64580,32158,644834,316226,328608,193913,211866,147972,66903,36245,656899,322309,334590,188143,214191,154714,75064,38540,670652,328573,342079,183862,213088,169803,91774,34016,692543,339752,352791,186119,202691,188126,93242,41279,711457,349175,362282,184842,196611,207490,93469,49830,732242,359364,372878,182397,187513,217066,101485,61321,749782,367155,382627,182359,178394,216769,118009,67076,762607,373106,389501,177710,173338,209809,135029,72168,768054,376538,391516,173613,172205,208062,140710,73967,768557,377047,391510
69,Rhône,Auvergne-Rhône-Alpes,84,3249,462087,431570,310785,164659,59945,1429046,699615,729431,447664,443393,335505,141264,70320,1438146,699279,738867,438505,465788,326393,149567,77818,1458071,707038,751033,423976,476698,354061,163363,89015,1507113,727981,779132,415372,488701,372397,192436,82576,1551482,747211,804271,420759,482320,395392,191399,99040,1588910,763489,825421,431946,487219,423814,195529,116703,1655211,794090,861121,446037,499605,428362,215462,135711,1725177,829373,895804,471192,515805,447849,239525,147624,1821995,876657,945338,478494,530232,460789,260420,158274,1888209,908490,979719,479828,532554,469170,266377,164144,1912073,919941,992132
70,Haute-Saône,Bourgogne-Franche-Comté,27,5360,75564,55909,45338,32965,12677,222453,110114,112339,74444,61869,50425,27740,14345,228823,113185,115638,70600,66559,49445,29092,16469,232165,114930,117235,66893,64046,51536,29577,17426,229478,113781,115697,61236,62776,56073,34186,15105,229376,113608,115768,59225,59159,60835,33364,17797,230380,114103,116277,58071,57264,67050,32363,20186,234934,116042,118892,58109,54298,67614,36932,22595,239548,118143,121405,56302,48492,66760,42253,23899,237706,117408,120298,53657,45989,62963,47239,24758,234606,115320,119286,51359,45464,61857,47904,25947,232531,114041,118490
71,Saône-et-Loire,Bourgogne-Franche-Comté,27,8575,182510,141372,125961,86022,34351,570216,280312,289904,173093,150158,135849,72565,39485,571150,280098,291052,159834,159076,127914,76504,43830,567158,277844,289314,148838,153516,129619,80130,47257,559360,273203,286157,135343,146147,136523,92945,42423,553381,269997,283384,128651,133469,144422,88555,50626,545723,265851,279872,124462,125017,156409,84520,58259,548667,266117,282550,124238,118492,155643,92470,64820,555663,270398,285265,122031,109011,151811,104272,68283,555408,269473,285935,119350,104960,142258,114169,69298,550035,267038,282997,116402,103920,139726,114899,71630,546577,265456,281121
72,Sarthe,Pays de la Loire,52,6206,173980,124984,101575,65032,24912,490483,239258,251225,165870,136562,111160,57522,29386,500500,244882,255618,156668,149898,107145,62093,33960,509764,249550,260214,147567,148857,112599,65899,38358,513280,251147,262133,137809,149207,122151,77449,35846,522462,255621,266841,136694,142742,133849,76305,43175,532765,260526,272239,139603,138452,148470,73579,49963,550067,268400,281667,141080,133128,152576,80560,56174,563518,274634,288884,142285,123026,151536,91933,59665,568445,276431,292014,137459,119523,144761,103710,60516,565969,275472,290497,134203,119253,142509,106211,62412,564588,274802,289786
73,Savoie,Auvergne-Rhône-Alpes,84,6028,98998,85353,67472,39057,14180,305060,151802,153258,97505,94088,74443,34567,16926,317529,157275,160254,95818,102593,73574,37597,19033,328615,162080,166535,95806,107365,80761,41717,22440,348089,171572,176517,93764,108593,89083,49719,21181,362340,178186,184154,95386,105635,99437,50118,25940,376516,184814,191702,99054,104987,111620,51674,31211,398546,195855,202691,101341,102611,116505,58785,35717,414959,204117,210842,100996,99167,119849,68201,39991,428204,210087,218117,101045,97916,118560,77244,43705,438470,214690,223780,100121,97616,118666,79945,45706,442054,216330,225724
74,Haute-Savoie,Auvergne-Rhône-Alpes,84,4388,148246,139236,93560,49443,16403,446888,223136,223752,152088,154054,106884,45606,20172,478804,237474,241330,157867,175037,113529,51271,23967,521671,259010,262661,162972,185059,133178,57864,28662,567735,281552,286183,166210,189112,153223,70280,28362,607187,300407,306780,171838,186156,172727,72777,35686,639184,315446,323738,179303,189904,194872,79962,42581,686622,338374,348248,187897,194703,208787,95706,50995,738088,363320,374768,198857,205514,221292,111080,57195,793938,389939,403999,206965,206537,230546,124580,65652,834280,410671,423609,208734,207716,235549,128590,69536,850125,419051,431074
75,Paris,Ile-de-France,11,105,458722,762672,550947,386087,150646,2309074,1067825,1241249,437432,771100,536946,300864,164814,2211156,1021803,1189353,445570,779256,489229,280661,171262,2165978,1005505,1160473,425574,776471,519423,253597,175082,2150147,999534,1150613,410008,770861,527583,260235,151858,2120545,990135,1130410,410964,771095,548164,242061,157447,2129731,999424,1130307,428463,774451,565574,241161,162537,2172186,1023647,1148539,448052,786058,563890,278488,167345,2243833,1058037,1185796,433635,741848,559300,304064,167641,2206488,1038976,1167512,408666,719599,543523,312571,172737,2157096,1015865,1141231,401664,708578,539440,310928,179297,2139907,1007554,1132353
76,Seine-Maritime,Normandie,28,6278,412590,329013,246263,136481,48582,1172929,575321,597608,391741,353275,263165,120456,57043,1185680,579716,605964,379705,381358,250130,129135,65251,1205579,586855,618724,367136,377718,267973,137055,72622,1222504,593359,629145,348288,371724,291765,158784,68796,1239357,600329,639028,339398,347129,315903,155613,81897,1239940,599025,640915,326602,330516,339506,151558,95179,1243361,597526,645835,316447,320121,337467,168824,107552,1250411,600664,649747,314082,303487,332329,194819,112982,1257699,604578,653121,305565,300872,313058,219258,116362,1255115,604214,650901,300258,299734,308987,222501,122116,1253596,603822,649774
77,Seine-et-Marne,Ile-de-France,11,5915,261396,224147,151438,82871,33337,753189,374937,378252,285200,262536,182277,73677,39921,843611,418046,425565,312359,311755,197403,77534,44620,943671,467594,476077,348965,343779,246387,87946,50129,1077206,533840,543366,354598,357633,291190,107974,48026,1159421,572863,586558,358435,351983,323961,112556,55634,1202569,592247,610322,364360,356028,357882,119712,63028,1261010,617766,643244,374188,363953,366877,145942,73905,1324865,647977,676888,390955,357708,383601,175073,82784,1390121,678207,711914,393336,357246,383460,202882,92169,1429093,695409,733684,391132,359246,384424,210661,98333,1443796,701366,742430
78,Yvelines,Ile-de-France,11,2284,376058,346981,230577,89114,35565,1078295,538258,540037,389343,375212,272257,80202,42289,1159303,575498,583805,397078,405204,287583,93379,47849,1231093,609886,621207,404037,411402,327986,107072,54579,1305076,644276,660800,394948,409154,355041,133582,52746,1345471,662047,683424,389275,391680,372130,141923,63808,1358816,666629,692187,388272,382393,391842,151438,75511,1389456,680174,709282,384334,370137,388294,173531,92469,1408765,686935,721830,385095,352236,392928,193285,103747,1427291,695590,731701,390167,343465,395992,209321,114387,1453332,707841,745491,390258,343629,396524,212744,120554,1463709,712587,751122
79,Deux-Sèvres,Nouvelle-Aquitaine,75,5999,113349,81961,71645,49388,19696,336039,166263,169776,107799,89251,78798,42430,22528,340806,168734,172072,100701,97168,74518,45296,25746,343429,169863,173566,95015,97158,77315,47426,29113,346027,171129,174898,86470,94014,82539,56114,26119,345256,170712,174544,83699,87710,89468,54179,31376,346432,171013,175419,83851,85654,100047,51417,36350,357319,176102,181217,86096,83096,102890,56032,41156,369270,181129,188141,87980,76391,103585,63328,43151,374435,183461,190974,86164,73956,99574,72045,43183,374922,183562,191360,83877,73755,98478,73688,44628,374426,183244,191182
80,Somme,Hauts-de-France,32,6170,191111,140848,108339,70701,27580,538579,264350,274229,182253,152651,117179,59328,30874,542285,265637,276648,174660,166468,110455,62332,33530,547445,267278,280167,164193,165294,116812,65979,35207,547485,267414,280071,152138,165388,127128,75822,31677,552153,269203,282950,147969,158583,138967,72875,38436,556830,271041,285789,145604,151918,152210,68840,44646,563218,272819,290399,143641,147586,152926,78137,48451,570741,277124,293617,142681,137407,151473,89632,50686,571879,278083,293796,135677,136299,144740,100759,51863,569338,276126,293212,132077,135161,143281,101551,54258,566328,274469,291859
81,Tarn,Occitanie,76,5758,99571,79984,80813,55746,22206,338320,165152,173168,93831,85233,86842,46862,26173,338941,165280,173661,88537,92353,80735,50324,29857,341806,166369,175437,84528,91792,80571,53259,32796,342946,166965,175981,79181,87626,83403,62568,29095,341873,166224,175649,78292,82550,90349,59596,35072,345859,167672,178187,80905,81190,101237,57248,41352,361932,174316,187616,84109,79666,103978,61232,46394,375379,181294,194085,87160,76519,105161,68897,48806,386543,186151,200392,85813,75556,103050,77443,49049,390911,188591,202320,84530,75769,102772,79276,50699,393046,189494,203552
82,Tarn-et-Garonne,Occitanie,76,3718,54987,43003,42497,31227,11885,183599,89961,93638,53057,48097,46221,27097,13827,188299,92200,96099,50964,54012,44067,28897,16183,194123,95208,98915,50094,55781,45771,30566,18083,200295,98289,102006,48400,54421,49691,35349,16407,204268,100015,104253,49299,51740,54422,33253,19707,208421,101849,106572,53219,52730,62474,32800,22509,223732,109082,114650,58081,54702,66786,36211,25918,241698,118022,123676,62435,53682,69063,42660,27434,255274,124633,130641,63516,52338,70220,47917,27837,261828,128254,133574,62969,52549,70558,49100,29040,264216,129596,134620
83,Var,Provence-Alpes-Côte d'Azur,93,5973,177906,161265,147474,102459,36721,625825,307634,318191,183176,185150,166581,101882,44906,681695,333205,348490,190637,209068,175419,114845,54614,744583,362329,382254,203009,223462,193810,129517,65916,815714,395549,420165,206006,227574,212128,151548,67034,864290,417507,446783,214744,221526,237724,151598,83303,908895,437465,471430,222517,222986,267046,160471,99359,972379,466692,505687,221181,219514,271573,181022,114893,1008183,484133,524050,223768,217276,280406,203262,123940,1048652,504178,544474,226658,217753,278743,218168,142012,1083334,520268,563066,224984,219881,279809,220346,150544,1095564,525909,569655
84,Vaucluse,Provence-Alpes-Côte d'Azur,93,3567,122131,105930,87483,54485,20231,390260,192855,197405,123863,118906,98058,50530,23934,415291,204471,210820,124394,130088,101585,56309,28394,440770,215575,225195,127262,135488,110524,61121,32515,466910,227910,239000,127453,135729,120672,71250,31092,486196,236390,249806,131489,131281,132151,70929,37933,503783,244037,259746,134432,129896,145728,74504,44475,529035,255411,273624,133191,125817,149548,84090,50459,543105,260873,282232,134844,121023,151578,95526,54577,557548,268137,289411,133010,118980,146280,103883,59807,561960,269556,292404,131540,117749,145447,105145,63047,562928,270078,292850
85,Vendée,Pays de la Loire,52,6720,157381,111003,93494,64995,23723,450596,220566,230030,155516,125223,106094,57522,28370,472725,232260,240465,151771,141891,103584,64319,33126,494691,243651,251040,146816,143427,109972,70660,38087,508962,250934,258028,138147,143005,121900,86364,35834,525250,258824,266426,135463,139660,138141,87501,45569,546334,268696,277638,140142,142419,161997,88654,54889,588101,288206,299895,151968,144213,170676,102763,65158,634778,311293,323485,159723,136971,176405,120889,72726,666714,326226,340488,158784,133897,177489,142050,77763,689983,336833,353150,155953,134081,178800,146705,83757,699296,341037,358259
86,Vienne,Nouvelle-Aquitaine,75,6990,116272,91610,75059,53141,21368,357450,175562,181888,112141,101183,82393,46202,24957,366876,180131,186745,109411,110092,78379,48389,28337,374608,183079,191529,102062,112318,82771,50791,32021,379963,185943,194020,96513,115782,91358,59273,28952,391878,190901,200977,95772,113678,100410,57213,34370,401443,194817,206626,98190,110620,111464,56148,39015,415437,201651,213786,100341,108251,114094,61229,43278,427193,205918,221275,103266,101708,113128,70431,46354,434887,210228,224659,100624,103219,108283,79771,47103,439000,212124,226876,99448,103094,107556,81266,48800,440164,212775,227389
87,Haute-Vienne,Nouvelle-Aquitaine,75,5520,95600,88075,81975,61375,25430,352455,170807,181648,91368,94836,87097,52046,29110,354457,171269,183188,88952,101150,81417,53240,33259,358018,172457,185561,82556,99025,83305,53616,35322,353824,170343,183481,76452,97864,88159,61141,30902,354518,170293,184225,74621,94010,93915,57254,35515,355315,170514,184801,76921,90873,102450,54314,40321,364879,175223,189656,80690,88388,102211,60397,44505,376191,180148,196043,81749,81625,100148,67439,44834,375795,179619,196176,78645,79748,94269,74187,44598,371447,176850,194597,77134,78895,92659,74736,46381,369805,175715,194090
88,Vosges,Grand Est,44,5874,137125,103337,82930,55758,19249,398399,195090,203309,128392,108607,90139,46295,22908,396341,193488,202853,118630,115580,84271,46936,26241,391658,191188,200470,111237,110880,86859,48749,28403,386128,188337,197791,102559,106434,92256,57236,25422,383907,187401,196506,98601,98151,98373,56274,29628,381027,185811,195216,93796,91766,108284,52463,33957,380266,184908,195358,90205,85321,107712,58693,37793,379724,184473,195251,84633,76254,103647,66204,41278,372016,180673,191343,78946,72041,95531,75435,40781,362734,176718,186016,75538,70923,93187,76419,42108,358175,174701,183474
89,Yonne,Bourgogne-Franche-Comté,27,7427,92321,73023,61242,51466,21880,299932,148676,151256,90182,79984,67948,43810,25206,307130,151794,155336,89070,89011,65423,44042,27981,315527,155935,159592,88335,88379,70086,46907,29411,323118,159257,163861,84335,86778,78319,53892,26460,329784,161990,167794,83262,82166,86414,51606,30578,334026,163600,170426,80986,78969,95253,48634,35141,338983,164482,174501,80409,75321,95261,54534,36985,342510,166285,176225,79728,68659,92308,61967,38241,340903,165889,175014,75476,65409,86449,68381,38226,333941,162670,171271,72667,64298,84948,68575,39586,330074,160856,169218
90,Territoire de Belfort,Bourgogne-Franche-Comté,27,609,43203,37061,27561,14937,5518,128280,64226,64054,41950,39429,30153,12777,6463,130772,64959,65813,40830,42514,29220,13798,7108,133470,66771,66699,38649,41722,30860,14807,7940,133978,66578,67400,36836,41510,33199,17738,7309,136592,67822,68770,36244,39495,35827,17652,8680,137898,68476,69422,35649,38709,38697,17223,10394,140672,69922,70750,35699,37785,38635,18955,11837,142911,71360,71551,35523,35995,38314,21765,12886,144483,71786,72697,33645,32666,36457,24408,13059,140235,69730,70505,31851,31894,35903,24740,13326,137714,68504,69210
91,Essonne,Ile-de-France,11,1804,327410,300427,188033,71921,30786,918577,458381,460196,327688,313698,224145,64758,36520,966809,480760,486049,324385,343883,233348,72954,40191,1014761,503778,510983,325363,354098,271971,85786,46027,1083245,536919,546326,320870,359975,292928,110375,43499,1127647,557079,570568,322366,342737,306774,118991,51463,1142331,562242,580089,332438,337861,329762,126802,61488,1188351,582666,605685,333593,332407,329889,144200,75251,1215340,595723,619617,350321,335168,343970,160683,86091,1276233,624355,651878,356310,332738,345762,178318,93149,1306277,639830,666447,356828,334014,345228,182755,96579,1315404,644744,670660
92,Hauts-de-Seine,Ile-de-France,11,176,393070,459849,355374,169242,62521,1440056,703606,736450,364574,460216,362174,141233,72350,1400547,678094,722453,352488,478493,328516,149516,77232,1386245,667901,718344,342866,468892,341069,151839,84750,1389416,665340,724076,339278,472209,344723,169020,77851,1403081,671033,732048,354340,471518,364892,160956,90381,1442087,688674,753413,379221,481858,396945,158337,103745,1520106,724953,795153,398200,477745,407383,174608,114554,1572490,749408,823082,404220,465165,423850,192862,115472,1601569,763894,837675,407505,455569,435000,213254,119006,1630334,775916,854418,405332,455709,438829,220262,122948,1643080,781292,861788
93,Seine-Saint-Denis,Ile-de-France,11,236,430126,415769,305681,125445,44444,1321465,661726,659739,412619,429135,320782,105341,51683,1319560,654296,665264,404322,468868,300564,112623,53898,1340275,662329,677946,410115,469474,320206,120880,57901,1378576,678548,700028,403906,456110,336217,141005,52738,1389976,682171,707805,406542,432871,357260,139219,61050,1396942,683662,713280,428431,449083,388274,138456,70676,1474920,720482,754438,440761,455594,394477,150305,80911,1522048,745756,776292,461941,464904,409174,173285,83359,1592663,783790,808873,485563,467364,421790,197328,85002,1657047,814849,842198,488305,470896,429842,202830,86494,1678367,824416,853951
94,Val-de-Marne,Ile-de-France,11,245,369928,386828,282023,124410,51523,1214712,593741,620971,348616,389275,296288,105289,58062,1197530,582337,615193,332720,413101,277532,114486,60968,1198807,582372,616435,321688,408128,295092,121746,66792,1213446,588007,625439,313434,402911,304418,140470,60685,1221918,590559,631359,319170,386819,321812,137034,71608,1236443,595985,640458,332978,387046,349214,136195,81917,1287350,619121,668229,342759,389117,354531,150001,91324,1327732,638106,689626,353979,387936,364556,168993,96925,1372389,659692,712697,365514,392712,369050,189814,99381,1416471,681397,735074,367442,396722,371677,196255,102255,1434351,689785,744566
95,Val-d'Oise,Ile-de-France,11,1246,293014,262872,181391,72473,28545,838295,416384,421911,299724,289460,206447,63717,34412,893760,442235,451525,311429,327523,209797,72272,37009,958030,472691,485339,334679,344988,243448,82908,41530,1047553,515481,532072,335172,343377,271489,101343,39535,1090916,535420,555496,334840,328494,296499,104032,47207,1111072,543381,567691,337951,326727,321227,107093,55766,1148764,558398,590366,334258,327414,319910,124587,64992,1171161,569292,601869,347346,328593,322445,146556,70450,1215390,590459,624931,362800,328224,324786,169031,74102,1258943,611783,647160,366318,330385,328578,173791,77462,1276534,619942,656592
971,Guadeloupe ,Guadeloupe,1,1628,,,,,,,,,,,,,,,,,,,,,,,,,132209,116927,63409,28247,11052,351844,171953,179891,128425,118916,75012,31759,13755,367867,178250,189617,126197,117534,88926,37307,18081,388045,185396,202649,124155,104562,106609,41740,22112,399178,188158,211020,118775,92399,116204,50744,25233,403355,187912,215443,108057,79873,120711,59972,29377,397990,183210,214780,92899,73398,110353,70215,34040,380905,173849,207056,86968,72297,104618,72953,36103,372939,169479,203460
972,Martinique ,Martinique,2,1128,,,,,,,,,,,,,,,,,,,,,,,,,124866,118174,67925,33582,13859,358406,173298,185108,119777,116486,77480,37688,16614,368045,176044,192001,116810,114742,89953,41956,20114,383575,181475,202100,115247,102449,108876,46061,23349,395982,184841,211141,105693,89749,117963,53064,27704,394173,182110,212063,92633,75047,118815,61180,33202,380877,176077,204800,79389,68324,105721,70661,36185,360280,164665,195615,73905,66618,98446,73777,37627,350373,159277,191096
973,Guyane,Guyane,3,83534,,,,,,,,,,,,,,,,,,,,,,,,,49987,39505,17666,4676,1517,113351,59023,54328,59875,44434,23161,5559,1939,134968,68921,66047,72442,49994,30420,6630,2532,162018,81393,80625,89056,58770,39614,8353,3413,199206,99223,99983,101277,66329,46582,11235,3617,229040,113607,115433,110811,73521,55355,15921,4257,259865,128882,130983,118792,79086,60925,21327,5902,286032,138831,147201,119279,81844,63207,23457,6649,294436,141762,152674
974,La Réunion,La Réunion,4,2504,,,,,,,,,,,,,,,,,,,,,,,,,238712,204727,103001,38781,12607,597828,294256,303572,258687,219015,122407,43192,13861,657162,323181,333981,267099,232747,147294,50588,18586,716314,351555,364759,275410,229240,184544,59941,23772,772907,376009,396898,278198,225439,218953,71741,26805,821136,397953,423183,270934,215951,236785,91992,35065,850727,410762,439965,258137,206122,239012,115815,44111,863197,411056,452141,252635,204886,237018,126203,48104,868846,411145,457701
976,Mayotte,Mayotte,6,376,,,,,,,,,,,,,,,,,,,,,,,,,,,,,,,,,,,,,,,,,,,,,,,,,,,,,,,,,,,,,,,,,124801,61755,35613,7899,2121,232189,110666,121523,150164,74287,42841,9502,2525,279319,133124,146195,160945,79613,45913,10185,2692,299348,142670,156678
